Date,Actual Price,Predicted Price,Year
2014-11-10,203.97999572753903,202.43490101641868,2014
2014-11-11,204.17999267578125,202.36768000312523,2014
2014-11-12,203.9600067138672,202.2367583965406,2014
2014-11-13,204.19000244140625,201.84506878461286,2014
2014-11-14,204.2400054931641,202.15155516411932,2014
2014-11-17,204.3699951171875,201.11957603426475,2014
2014-11-18,205.5500030517578,201.76727384943206,2014
2014-11-19,205.22000122070312,201.64250171734363,2014
2014-11-20,205.5800018310547,201.53504162708728,2014
2014-11-21,206.67999267578125,201.58429415575878,2014
2014-11-24,207.2599945068359,201.75908622754213,2014
2014-11-25,207.11000061035156,201.3544985225929,2014
2014-11-26,207.63999938964844,201.44651811462697,2014
2014-11-28,207.1999969482422,200.9061112700498,2014
2014-12-01,205.7599945068359,199.1245557438036,2014
2014-12-02,207.08999633789065,199.24011601834525,2014
2014-12-03,207.88999938964844,201.0522883264671,2014
2014-12-04,207.66000366210935,199.6950627356325,2014
2014-12-05,208.0,200.77710343203557,2014
2014-12-08,206.61000061035156,200.85453005191434,2014
2014-12-09,206.47000122070312,198.86472761837547,2014
2014-12-10,203.16000366210935,197.58659723920158,2014
2014-12-11,204.19000244140625,197.58566142029872,2014
2014-12-12,200.88999938964844,197.38504424332191,2014
2014-12-15,199.5099945068359,196.71801913044382,2014
2014-12-16,197.91000366210935,195.66183445836157,2014
2014-12-17,201.7899932861328,196.96298381502717,2014
2014-12-18,206.77999877929688,200.05304100314018,2014
2014-12-19,206.52000427246097,200.57054685811408,2014
2014-12-22,207.47000122070312,200.4560943826616,2014
2014-12-23,207.75,200.84901407641053,2014
2014-12-24,207.77000427246097,200.5511471367532,2014
2014-12-26,208.44000244140625,200.88475874350064,2014
2014-12-29,208.72000122070312,200.89282277781066,2014
2014-12-30,207.6000061035156,200.76207173652156,2014
2014-12-31,205.5399932861328,199.68037083082837,2014
2015-01-02,205.42999267578125,199.67148193486028,2015
2015-01-05,201.72000122070312,198.42816055745604,2015
2015-01-06,199.82000732421875,198.05061741044844,2015
2015-01-07,202.30999755859375,198.1708657848782,2015
2015-01-08,205.8999938964844,200.76949716981122,2015
2015-01-09,204.25,199.95442840020618,2015
2015-01-12,202.6499938964844,201.21779498621962,2015
2015-01-13,202.0800018310547,201.3683337460343,2015
2015-01-14,200.86000061035156,200.10099427883767,2015
2015-01-15,199.02000427246097,198.21955399965694,2015
2015-01-16,201.6300048828125,198.9498416848132,2015
2015-01-20,202.05999755859375,199.7846235593543,2015
2015-01-21,203.0800018310547,201.70142770436732,2015
2015-01-22,206.1000061035156,201.92162425931275,2015
2015-01-23,204.97000122070312,201.71028860782542,2015
2015-01-26,205.4499969482422,201.98181033095577,2015
2015-01-27,202.7400054931641,201.06323865668736,2015
2015-01-28,200.13999938964844,199.22702026835972,2015
2015-01-29,201.9900054931641,198.15597274856322,2015
2015-01-30,199.4499969482422,197.89827997843634,2015
2015-02-02,201.9199981689453,198.77249879463793,2015
2015-02-03,204.83999633789065,201.8367262916197,2015
2015-02-04,204.05999755859375,201.9359863896427,2015
2015-02-05,206.1199951171875,201.85645828699828,2015
2015-02-06,205.5500030517578,201.7483241826624,2015
2015-02-09,204.6300048828125,201.86956559853263,2015
2015-02-10,206.80999755859375,201.57516918390453,2015
2015-02-11,206.92999267578125,201.93244569320018,2015
2015-02-12,208.9199981689453,201.86249611265373,2015
2015-02-13,209.77999877929688,201.77688930154403,2015
2015-02-17,210.11000061035156,201.83229396566276,2015
2015-02-18,210.1300048828125,201.93244569320018,2015
2015-02-19,209.97999572753903,201.82026374075,2015
2015-02-20,211.2400054931641,201.75283571570733,2015
2015-02-23,211.2100067138672,201.7599230135326,2015
2015-02-24,211.80999755859375,201.79218172062636,2015
2015-02-25,211.6300048828125,201.7599230135326,2015
2015-02-26,211.3800048828125,201.62264698677083,2015
2015-02-27,210.66000366210935,200.02764462745674,2015
2015-03-02,211.9900054931641,201.6057958032421,2015
2015-03-03,211.1199951171875,199.9105974135473,2015
2015-03-04,210.22999572753903,199.8559755027784,2015
2015-03-05,210.4600067138672,199.86999384296354,2015
2015-03-06,207.5,199.21281788086384,2015
2015-03-09,208.36000061035156,199.07807325892804,2015
2015-03-10,204.97999572753903,198.08357397575904,2015
2015-03-11,204.5,198.01081267561997,2015
2015-03-12,207.1000061035156,199.20817984690206,2015
2015-03-13,205.8300018310547,199.53264204606418,2015
2015-03-16,208.5800018310547,201.02657752020426,2015
2015-03-17,207.9600067138672,201.9737561889904,2015
2015-03-18,210.4600067138672,201.73289557349372,2015
2015-03-19,209.5,201.87761715189308,2015
2015-03-20,210.41000366210935,201.94508759762002,2015
2015-03-23,210.0,201.75528211100675,2015
2015-03-24,208.82000732421875,201.7599230135326,2015
2015-03-25,205.7599945068359,198.74510977573362,2015
2015-03-26,205.27000427246097,198.75148583505077,2015
2015-03-27,205.7400054931641,198.75148583505077,2015
2015-03-30,208.25,199.58592274400178,2015
2015-03-31,206.42999267578125,199.53144001370853,2015
2015-04-01,205.6999969482422,200.49846398566336,2015
2015-04-02,206.44000244140625,201.75528211100675,2015
2015-04-06,207.8300018310547,201.881655563411,2015
2015-04-07,207.27999877929688,199.84311886851958,2015
2015-04-08,207.97999572753903,201.75528211100675,2015
2015-04-09,208.8999938964844,201.93244569320018,2015
2015-04-10,210.0399932861328,201.93244569320018,2015
2015-04-13,209.08999633789065,201.75528211100675,2015
2015-04-14,209.4900054931641,201.88782857689014,2015
2015-04-15,210.42999267578125,201.81375222440386,2015
2015-04-16,210.3699951171875,201.7035544352112,2015
2015-04-17,207.9499969482422,199.5673598928584,2015
2015-04-20,209.8500061035156,201.65752347903765,2015
2015-04-21,209.6000061035156,201.06129536699848,2015
2015-04-22,210.6300048828125,201.06129536699848,2015
2015-04-23,211.16000366210935,201.62280563224343,2015
2015-04-24,211.6499938964844,201.93244569320018,2015
2015-04-27,210.77000427246097,201.7599230135326,2015
2015-04-28,211.44000244140625,201.69719966557923,2015
2015-04-29,210.57000732421875,200.5156500922444,2015
2015-04-30,208.4600067138672,199.44344146897672,2015
2015-05-01,210.72000122070312,199.83847796599372,2015
2015-05-04,211.32000732421875,201.09795650348158,2015
2015-05-05,208.8999938964844,199.4967221669143,2015
2015-05-06,208.0399932861328,199.4967221669143,2015
2015-05-07,208.8699951171875,201.06323865668736,2015
2015-05-08,211.6199951171875,201.72056426421253,2015
2015-05-11,210.61000061035156,199.8037601191995,2015
2015-05-12,209.97999572753903,201.72056426421253,2015
2015-05-13,210.02000427246097,201.881655563411,2015
2015-05-14,212.2100067138672,201.93244569320018,2015
2015-05-15,212.44000244140625,201.65752347903765,2015
2015-05-18,213.1000061035156,201.86956559853263,2015
2015-05-19,213.02999877929688,201.98396761398746,2015
2015-05-20,212.8800048828125,201.82026374075,2015
2015-05-21,213.5,201.7035544352112,2015
2015-05-22,212.9900054931641,201.11514261006263,2015
2015-05-26,210.6999969482422,199.53144001370853,2015
2015-05-27,212.6999969482422,200.11399358814506,2015
2015-05-28,212.4600067138672,200.11399358814506,2015
2015-05-29,211.13999938964844,199.48373275152417,2015
2015-06-01,211.57000732421875,199.78790408188118,2015
2015-06-02,211.36000061035156,201.10259740600745,2015
2015-06-03,211.9199981689453,199.88313328811452,2015
2015-06-04,210.1300048828125,199.55049079851315,2015
2015-06-05,209.77000427246097,199.87096873933774,2015
2015-06-08,208.47999572753903,199.26609857880143,2015
2015-06-09,208.4499969482422,199.26609857880143,2015
2015-06-10,210.9499969482422,199.83847796599372,2015
2015-06-11,211.6300048828125,201.72056426421253,2015
2015-06-12,210.0099945068359,201.02657752020426,2015
2015-06-15,209.11000061035156,201.06323865668736,2015
2015-06-16,210.25,201.83219252676204,2015
2015-06-17,210.58999633789065,200.11399358814506,2015
2015-06-18,212.77999877929688,201.72056426421253,2015
2015-06-19,210.80999755859375,201.62280563224343,2015
2015-06-22,211.88999938964844,201.86956559853263,2015
2015-06-23,212.0399932861328,201.83219252676204,2015
2015-06-24,210.5,200.49846398566336,2015
2015-06-25,209.86000061035156,199.29913219023518,2015
2015-06-26,209.82000732421875,199.83847796599372,2015
2015-06-29,205.4199981689453,198.08357397575904,2015
2015-06-30,205.8500061035156,198.08357397575904,2015
2015-07-01,207.5,199.22702026835972,2015
2015-07-02,207.30999755859375,199.34006836731848,2015
2015-07-06,206.72000122070312,199.25105878281346,2015
2015-07-07,208.02000427246097,201.86956559853263,2015
2015-07-08,204.52999877929688,199.8037601191995,2015
2015-07-09,204.8999938964844,199.44344146897672,2015
2015-07-10,207.47999572753903,201.02657752020426,2015
2015-07-13,209.77000427246097,201.9737561889904,2015
2015-07-14,210.67999267578125,201.8344217256769,2015
2015-07-15,210.61000061035156,201.75864467533526,2015
2015-07-16,212.3000030517578,201.93721797307188,2015
2015-07-17,212.47999572753903,201.912178705497,2015
2015-07-20,212.58999633789065,201.98396761398746,2015
2015-07-21,211.75,201.7599230135326,2015
2015-07-22,211.3699951171875,201.6057958032421,2015
2015-07-23,210.17999267578125,199.5673598928584,2015
2015-07-24,208.0,198.68719104383425,2015
2015-07-27,206.7899932861328,198.08357397575904,2015
2015-07-28,209.3300018310547,199.39106342646912,2015
2015-07-29,210.77000427246097,199.8037601191995,2015
2015-07-30,210.82000732421875,200.95986555502913,2015
2015-07-31,210.5,201.85935417353556,2015
2015-08-03,209.7899932861328,201.98396761398746,2015
2015-08-04,209.3800048828125,200.50310488818923,2015
2015-08-05,210.07000732421875,199.87058808405934,2015
2015-08-06,208.3500061035156,199.59418158485198,2015
2015-08-07,207.9499969482422,199.48168237092634,2015
2015-08-10,210.57000732421875,201.65752347903765,2015
2015-08-11,208.6699981689453,199.83847796599372,2015
2015-08-12,208.9199981689453,199.83847796599372,2015
2015-08-13,208.66000366210935,201.0254473639037,2015
2015-08-14,209.4199981689453,201.7599230135326,2015
2015-08-17,210.58999633789065,200.50310488818923,2015
2015-08-18,209.97999572753903,201.7599230135326,2015
2015-08-19,208.32000732421875,199.83847796599372,2015
2015-08-20,203.97000122070312,198.75148583505077,2015
2015-08-21,197.8300018310547,197.14256414890068,2015
2015-08-24,189.5,195.32967302656843,2015
2015-08-25,187.27000427246097,189.95397967042996,2015
2015-08-26,194.4600067138672,187.41222080375505,2015
2015-08-27,199.27000427246097,193.40434057547736,2015
2015-08-28,199.27999877929688,199.2897739004285,2015
2015-08-31,197.6699981689453,199.63825829758588,2015
2015-09-01,191.77000427246097,198.92925618638353,2015
2015-09-02,195.41000366210935,196.18542427940795,2015
2015-09-03,195.5500030517578,193.4907715378095,2015
2015-09-04,192.58999633789065,193.88439523767693,2015
2015-09-08,197.42999267578125,194.6757841188916,2015
2015-09-09,194.7899932861328,197.0346538388618,2015
2015-09-10,195.8500061035156,196.55197184690508,2015
2015-09-11,196.7400054931641,197.61439237423622,2015
2015-09-14,196.0099945068359,197.90001214616623,2015
2015-09-15,198.4600067138672,198.60329725611388,2015
2015-09-16,200.17999267578125,200.1377316319068,2015
2015-09-17,199.72999572753903,200.94056428083545,2015
2015-09-18,195.4499969482422,199.3085378991944,2015
2015-09-21,196.4600067138672,198.43652097781808,2015
2015-09-22,193.91000366210935,195.9761414750123,2015
2015-09-23,193.6000061035156,193.86622720511033,2015
2015-09-24,192.8999938964844,193.59956490427027,2015
2015-09-25,192.8500061035156,193.83292335492584,2015
2015-09-28,188.0099945068359,189.90263735103636,2015
2015-09-29,188.1199951171875,187.43298922631865,2015
2015-09-30,191.6300048828125,188.80797584795494,2015
2015-10-01,192.1300048828125,191.86122798193244,2015
2015-10-02,195.0,194.10486749265084,2015
2015-10-05,198.47000122070312,196.52259689555314,2015
2015-10-06,197.7899932861328,199.19825841453445,2015
2015-10-07,199.41000366210935,198.7382665015514,2015
2015-10-08,201.2100067138672,200.66829054878949,2015
2015-10-09,201.3300018310547,201.14309427065132,2015
2015-10-12,201.52000427246097,202.08288452289526,2015
2015-10-13,200.25,202.1175867179505,2015
2015-10-14,199.2899932861328,200.48238435553944,2015
2015-10-15,202.3500061035156,201.61398668793274,2015
2015-10-16,203.27000427246097,201.7769850589218,2015
2015-10-19,203.3699951171875,201.42548399036107,2015
2015-10-20,203.11000061035156,201.77352375648744,2015
2015-10-21,201.8500061035156,201.83555284750082,2015
2015-10-22,205.2599945068359,201.56614046013027,2015
2015-10-23,207.5099945068359,201.5102338615343,2015
2015-10-26,207.0,201.4505531211605,2015
2015-10-27,206.6000061035156,201.2652810890178,2015
2015-10-28,208.9499969482422,200.89903104637517,2015
2015-10-29,208.8300018310547,200.92482438196998,2015
2015-10-30,207.92999267578125,200.39427461496427,2015
2015-11-02,210.38999938964844,201.40330049861817,2015
2015-11-03,211.0,200.9841967983805,2015
2015-11-04,210.36000061035156,200.79916198647032,2015
2015-11-05,210.1499938964844,200.84926428334936,2015
2015-11-06,210.0399932861328,200.61709529436635,2015
2015-11-09,208.0800018310547,199.10738056446831,2015
2015-11-10,208.55999755859375,198.78042911832353,2015
2015-11-11,207.7400054931641,199.30979186376018,2015
2015-11-12,204.83999633789065,198.09373604033703,2015
2015-11-13,202.5399932861328,197.0586808557137,2015
2015-11-16,205.6199951171875,198.70253893567116,2015
2015-11-17,205.47000122070312,198.24392786864897,2015
2015-11-18,208.72999572753903,200.79390884115713,2015
2015-11-19,208.5500030517578,200.6497942834112,2015
2015-11-20,209.30999755859375,201.0812470910756,2015
2015-11-23,209.07000732421875,200.6413727445721,2015
2015-11-24,209.3500061035156,200.47107265188018,2015
2015-11-25,209.32000732421875,200.16585184948948,2015
2015-11-27,209.55999755859375,200.22853247015615,2015
2015-11-30,208.69000244140625,199.5563787328045,2015
2015-12-01,210.67999267578125,201.10737405641288,2015
2015-12-02,208.52999877929688,199.20529916659513,2015
2015-12-03,205.61000061035156,198.3887556592732,2015
2015-12-04,209.6199951171875,199.90466914865036,2015
2015-12-07,208.3500061035156,199.92261848462744,2015
2015-12-08,206.9499969482422,199.41685420116778,2015
2015-12-09,205.33999633789065,199.36535489215981,2015
2015-12-10,205.8699951171875,200.78985519631755,2015
2015-12-11,201.8800048828125,198.28903244871503,2015
2015-12-14,202.8999938964844,198.9199660558463,2015
2015-12-15,205.02999877929688,199.87572015013856,2015
2015-12-16,208.02999877929688,201.33272311186224,2015
2015-12-17,204.86000061035156,200.05650292012697,2015
2015-12-18,200.02000427246097,199.9501205041773,2015
2015-12-21,201.6699981689453,199.9276555948134,2015
2015-12-22,203.5,199.87662918308948,2015
2015-12-23,206.02000427246097,199.55761497019841,2015
2015-12-24,205.67999267578125,201.63633300911698,2015
2015-12-28,205.2100067138672,201.83701967146916,2015
2015-12-29,207.3999938964844,201.87225598730694,2015
2015-12-30,205.92999267578125,201.92716198311007,2015
2015-12-31,203.8699951171875,199.58680944426564,2015
2016-01-04,201.02000427246097,198.8821658670892,2016
2016-01-05,201.36000061035156,199.1117562486254,2016
2016-01-06,198.82000732421875,197.66750113424166,2016
2016-01-07,194.0500030517578,196.80926146048404,2016
2016-01-08,191.9199981689453,194.40877068947572,2016
2016-01-11,192.11000061035156,192.3011372339074,2016
2016-01-12,193.66000366210935,191.29179935827787,2016
2016-01-13,188.8300018310547,190.97411693929664,2016
2016-01-14,191.92999267578125,189.5260191911573,2016
2016-01-15,187.80999755859375,190.17414623635054,2016
2016-01-19,188.05999755859375,187.21016367236945,2016
2016-01-20,185.6499938964844,186.87785195869685,2016
2016-01-21,186.69000244140625,187.20570677492285,2016
2016-01-22,190.52000427246097,187.67358436080622,2016
2016-01-25,187.63999938964844,191.6898085089939,2016
2016-01-26,190.1999969482422,190.02065072391147,2016
2016-01-27,188.1300048828125,193.3894557628231,2016
2016-01-28,189.11000061035156,190.59411263535284,2016
2016-01-29,193.72000122070312,190.74668851480703,2016
2016-02-01,193.6499938964844,194.70204137238724,2016
2016-02-02,190.16000366210935,194.4606495201154,2016
2016-02-03,191.3000030517578,193.97801526895242,2016
2016-02-04,191.6000061035156,193.1230915391451,2016
2016-02-05,187.9499969482422,189.39214615268523,2016
2016-02-08,185.4199981689453,186.93119708484738,2016
2016-02-09,185.42999267578125,186.64345939287156,2016
2016-02-10,185.27000427246097,186.02361892350348,2016
2016-02-11,182.86000061035156,185.13854780534726,2016
2016-02-12,186.6300048828125,185.14663016892052,2016
2016-02-16,189.77999877929688,188.7508057492543,2016
2016-02-17,192.8800048828125,193.06419313979765,2016
2016-02-18,192.08999633789065,193.20585626267788,2016
2016-02-19,192.0,193.09373895000158,2016
2016-02-22,194.77999877929688,193.4760888015303,2016
2016-02-23,192.32000732421875,196.08410707572898,2016
2016-02-24,193.1999969482422,194.88394199544953,2016
2016-02-25,195.5399932861328,194.58682109783467,2016
2016-02-26,195.08999633789065,197.21139033201305,2016
2016-02-29,193.55999755859375,195.16370485344734,2016
2016-03-01,198.11000061035156,196.72583679436855,2016
2016-03-02,199.0,199.81079224997035,2016
2016-03-03,199.77999877929688,200.08111131490483,2016
2016-03-04,200.42999267578125,200.87258440108437,2016
2016-03-07,200.58999633789065,200.89292314826426,2016
2016-03-08,198.3999938964844,199.92034138505048,2016
2016-03-09,199.3800048828125,199.91078723353417,2016
2016-03-10,199.5399932861328,199.15226118108782,2016
2016-03-11,202.7599945068359,200.64102011953145,2016
2016-03-14,202.5,200.7861364765839,2016
2016-03-15,202.1699981689453,201.07589743657374,2016
2016-03-16,203.33999633789065,200.87058709421544,2016
2016-03-17,204.6300048828125,201.01919939249132,2016
2016-03-18,204.3800048828125,200.97843333549133,2016
2016-03-21,204.6699981689453,200.7271339452993,2016
2016-03-22,204.55999755859375,200.49961299772127,2016
2016-03-23,203.2100067138672,198.97450193777325,2016
2016-03-24,203.1199951171875,198.49621786289234,2016
2016-03-28,203.2400054931641,198.4585957072194,2016
2016-03-29,205.1199951171875,199.68183903768227,2016
2016-03-30,206.02000427246097,200.26480157574707,2016
2016-03-31,205.52000427246097,200.13973320919595,2016
2016-04-01,206.9199981689453,200.25536062700135,2016
2016-04-04,206.25,200.2786302067366,2016
2016-04-05,204.19000244140625,198.67095949118854,2016
2016-04-06,206.4199981689453,199.6428553777261,2016
2016-04-07,203.9499969482422,198.67759159922574,2016
2016-04-08,204.5,198.30460252337116,2016
2016-04-11,204.02000427246097,198.4318556397429,2016
2016-04-12,205.9199981689453,199.88114903154903,2016
2016-04-13,208.0,199.1394691896258,2016
2016-04-14,208.0099945068359,199.88239275854886,2016
2016-04-15,207.77999877929688,199.95662154738716,2016
2016-04-18,209.2400054931641,200.00337969769174,2016
2016-04-19,209.8999938964844,200.12675211152248,2016
2016-04-20,210.1000061035156,200.15094960727197,2016
2016-04-21,208.97000122070312,199.97818966023266,2016
2016-04-22,208.97000122070312,199.86439863063575,2016
2016-04-25,208.61000061035156,198.95084700050026,2016
2016-04-26,208.9199981689453,199.17707146448916,2016
2016-04-27,209.3500061035156,199.4230069279613,2016
2016-04-28,207.4499969482422,199.38825509057463,2016
2016-04-29,206.3300018310547,198.94431342404457,2016
2016-05-02,207.97000122070312,199.7947184310172,2016
2016-05-03,206.16000366210935,199.5559827305755,2016
2016-05-04,205.0099945068359,198.63377606839575,2016
2016-05-05,204.97000122070312,199.78802805067372,2016
2016-05-06,205.72000122070312,200.07526862485264,2016
2016-05-09,205.88999938964844,199.84076982280064,2016
2016-05-10,208.4499969482422,201.25452370181375,2016
2016-05-11,206.5,201.30748848075547,2016
2016-05-12,206.55999755859375,201.3596325238449,2016
2016-05-13,204.7599945068359,200.17019237179142,2016
2016-05-16,206.77999877929688,201.76188334843184,2016
2016-05-17,204.8500061035156,199.43790427409488,2016
2016-05-18,204.91000366210935,199.853516414853,2016
2016-05-19,204.1999969482422,199.46459619167896,2016
2016-05-20,205.4900054931641,201.63838691919244,2016
2016-05-23,205.2100067138672,199.86911494792938,2016
2016-05-24,207.8699951171875,201.98396761398746,2016
2016-05-25,209.27999877929688,201.91002142246532,2016
2016-05-26,209.33999633789065,201.8320281111968,2016
2016-05-27,210.2400054931641,201.91002142246532,2016
2016-05-31,209.83999633789065,201.95169298256727,2016
2016-06-01,210.27000427246097,201.73556370886345,2016
2016-06-02,210.91000366210935,201.70785021919212,2016
2016-06-03,210.27999877929688,201.7035544352112,2016
2016-06-06,211.3500061035156,201.7035544352112,2016
2016-06-07,211.67999267578125,201.77637915263327,2016
2016-06-08,212.3699951171875,201.881655563411,2016
2016-06-09,212.0800018310547,201.7599230135326,2016
2016-06-10,210.07000732421875,200.13045299368582,2016
2016-06-13,208.4499969482422,199.26609857880143,2016
2016-06-14,208.0399932861328,198.97241451848285,2016
2016-06-15,207.75,198.74510977573362,2016
2016-06-16,208.3699951171875,199.06303346294007,2016
2016-06-17,206.52000427246097,199.3635579967391,2016
2016-06-20,207.8500061035156,199.84252971753077,2016
2016-06-21,208.44000244140625,201.10259740600745,2016
2016-06-22,208.1000061035156,201.10259740600745,2016
2016-06-23,210.80999755859375,201.85935417353556,2016
2016-06-24,203.2400054931641,199.17373957042213,2016
2016-06-27,199.6000061035156,198.19552657082568,2016
2016-06-28,203.1999969482422,198.2723168639783,2016
2016-06-29,206.66000366210935,200.1969176625883,2016
2016-06-30,209.47999572753903,200.1627426538838,2016
2016-07-01,209.9199981689453,202.08114189487193,2016
2016-07-05,208.41000366210935,202.1105071990255,2016
2016-07-06,209.66000366210935,201.7350528565254,2016
2016-07-07,209.52999877929688,201.82026374075,2016
2016-07-08,212.6499938964844,201.9222342682031,2016
2016-07-11,213.3999938964844,201.98181033095577,2016
2016-07-12,214.9499969482422,201.88777640983494,2016
2016-07-13,214.9199981689453,201.73289557349372,2016
2016-07-14,216.1199951171875,201.83418539422848,2016
2016-07-15,215.8300018310547,201.93244569320018,2016
2016-07-18,216.41000366210935,201.98396761398746,2016
2016-07-19,216.19000244140625,201.7035544352112,2016
2016-07-20,217.08999633789065,201.73556370886345,2016
2016-07-21,216.27000427246097,201.07848147357953,2016
2016-07-22,217.2400054931641,201.7035544352112,2016
2016-07-25,216.6499938964844,201.07848147357953,2016
2016-07-26,216.75,201.11514261006263,2016
2016-07-27,216.52000427246097,199.8705122689244,2016
2016-07-28,216.77000427246097,201.11514261006263,2016
2016-07-29,217.1199951171875,200.5156500922444,2016
2016-08-01,216.94000244140625,201.04263347048476,2016
2016-08-02,215.5500030517578,199.84252971753077,2016
2016-08-03,216.17999267578125,200.11863449067093,2016
2016-08-04,216.41000366210935,200.11863449067093,2016
2016-08-05,218.17999267578125,201.75528211100675,2016
2016-08-08,218.0500030517578,201.75528211100675,2016
2016-08-09,218.17999267578125,201.86956559853263,2016
2016-08-10,217.63999938964844,201.7599230135326,2016
2016-08-11,218.6499938964844,201.65465626042308,2016
2016-08-12,218.4600067138672,201.07848147357953,2016
2016-08-15,219.08999633789065,201.7035544352112,2016
2016-08-16,217.9600067138672,200.13509389621169,2016
2016-08-17,218.3699951171875,201.6057958032421,2016
2016-08-18,218.86000061035156,201.07848147357953,2016
2016-08-19,218.5399932861328,201.07848147357953,2016
2016-08-22,218.52999877929688,199.8705122689244,2016
2016-08-23,218.97000122070312,201.62264698677083,2016
2016-08-24,217.8500061035156,199.8705122689244,2016
2016-08-25,217.6999969482422,199.88313328811452,2016
2016-08-26,217.2899932861328,199.84252971753077,2016
2016-08-29,218.36000061035156,200.13509389621169,2016
2016-08-30,218.0,199.88313328811452,2016
2016-08-31,217.3800048828125,199.93762620884655,2016
2016-09-01,217.38999938964844,200.13908558702363,2016
2016-09-02,218.3699951171875,201.7035544352112,2016
2016-09-06,219.02999877929688,201.10259740600745,2016
2016-09-07,219.0099945068359,201.7599230135326,2016
2016-09-08,218.5099945068359,201.7599230135326,2016
2016-09-09,213.27999877929688,198.73939260799906,2016
2016-09-12,216.33999633789065,199.62038858008432,2016
2016-09-13,213.22999572753903,198.02017195172434,2016
2016-09-14,213.1499938964844,197.93386399512713,2016
2016-09-15,215.27999877929688,199.2181923758864,2016
2016-09-16,213.3699951171875,201.02657752020426,2016
2016-09-19,213.41000366210935,199.25105878281346,2016
2016-09-20,213.4199981689453,201.06129536699848,2016
2016-09-21,215.82000732421875,201.86956559853263,2016
2016-09-22,217.17999267578125,201.7677925313016,2016
2016-09-23,215.9900054931641,201.83988344986642,2016
2016-09-26,214.2400054931641,201.62280563224343,2016
2016-09-27,215.57000732421875,201.88782857689014,2016
2016-09-28,216.63999938964844,201.65752347903765,2016
2016-09-29,214.67999267578125,199.47473032939496,2016
2016-09-30,216.3000030517578,201.0254473639037,2016
2016-10-03,215.77999877929688,201.7599230135326,2016
2016-10-04,214.67999267578125,199.83847796599372,2016
2016-10-05,215.6300048828125,199.84252971753077,2016
2016-10-06,215.77999877929688,201.7035544352112,2016
2016-10-07,215.0399932861328,199.88313328811452,2016
2016-10-10,216.16000366210935,201.10259740600745,2016
2016-10-11,213.42999267578125,199.83847796599372,2016
2016-10-12,213.7100067138672,199.48441987665313,2016
2016-10-13,213.0099945068359,199.44001248260074,2016
2016-10-14,213.1199951171875,199.50710730365216,2016
2016-10-17,212.3800048828125,199.20904047718483,2016
2016-10-18,213.7100067138672,201.07848147357953,2016
2016-10-19,214.27999877929688,201.10259740600745,2016
2016-10-20,213.8800048828125,201.7599230135326,2016
2016-10-21,213.97999572753903,201.7599230135326,2016
2016-10-24,214.88999938964844,201.75738364608245,2016
2016-10-25,214.1699981689453,201.11514261006263,2016
2016-10-26,213.7400054931641,199.8705122689244,2016
2016-10-27,213.1699981689453,199.84252971753077,2016
2016-10-28,212.5399932861328,199.81028093473117,2016
2016-10-31,212.5500030517578,199.54398417923733,2016
2016-11-01,211.0099945068359,199.2679809953024,2016
2016-11-02,209.7400054931641,198.82913058147645,2016
2016-11-03,208.77999877929688,198.85817305905425,2016
2016-11-04,208.5500030517578,198.8360673030182,2016
2016-11-07,213.1499938964844,201.0151763008196,2016
2016-11-08,214.11000061035156,201.98694940204,2016
2016-11-09,216.3800048828125,201.90329286830007,2016
2016-11-10,216.9199981689453,202.24559849516942,2016
2016-11-11,216.4199981689453,202.01497669996309,2016
2016-11-14,216.58999633789065,202.0415639985649,2016
2016-11-15,218.27999877929688,202.0092893671447,2016
2016-11-16,217.8699951171875,201.81751939811005,2016
2016-11-17,218.9900054931641,201.93925194798842,2016
2016-11-18,218.5,201.93925194798842,2016
2016-11-21,220.1499938964844,202.0415639985649,2016
2016-11-22,220.5800018310547,201.94542496146758,2016
2016-11-23,220.6999969482422,201.99004207777762,2016
2016-11-25,221.52000427246097,201.92716198311007,2016
2016-11-28,220.47999572753903,201.78698707996173,2016
2016-11-29,220.91000366210935,201.66339218781954,2016
2016-11-30,220.3800048828125,200.2052354848443,2016
2016-12-01,219.57000732421875,199.9001261021082,2016
2016-12-02,219.67999267578125,199.6362501681461,2016
2016-12-05,221.0,201.16019379058488,2016
2016-12-06,221.6999969482422,201.7151198636151,2016
2016-12-07,224.6000061035156,201.96761780704276,2016
2016-12-08,225.1499938964844,201.90470677243704,2016
2016-12-09,226.5099945068359,201.8838693760637,2016
2016-12-12,226.25,201.83701967146916,2016
2016-12-13,227.7599945068359,201.87225598730694,2016
2016-12-14,225.8800048828125,201.8128784955842,2016
2016-12-15,226.80999755859375,201.8497781052038,2016
2016-12-16,225.0399932861328,199.85143391892603,2016
2016-12-19,225.52999877929688,199.89607435057115,2016
2016-12-20,226.3999938964844,199.9001261021082,2016
2016-12-21,225.77000427246097,200.56070127276666,2016
2016-12-22,225.3800048828125,199.8882625520483,2016
2016-12-23,225.7100067138672,201.17273899464007,2016
2016-12-27,226.27000427246097,201.66339218781954,2016
2016-12-28,224.3999938964844,199.62758875874502,2016
2016-12-29,224.3500061035156,199.84824813245336,2016
2016-12-30,223.52999877929688,199.59942153502382,2016
2017-01-03,225.2400054931641,199.90559190591588,2017
2017-01-04,226.5800018310547,201.0254473639037,2017
2017-01-05,226.3999938964844,201.84693771661676,2017
2017-01-06,227.2100067138672,201.93244569320018,2017
2017-01-09,226.4600067138672,201.98396761398746,2017
2017-01-10,226.4600067138672,201.62264698677083,2017
2017-01-11,227.1000061035156,201.11514261006263,2017
2017-01-12,226.52999877929688,201.07848147357953,2017
2017-01-13,227.0500030517578,200.14763910026687,2017
2017-01-17,226.25,200.14763910026687,2017
2017-01-18,226.75,201.07848147357953,2017
2017-01-19,225.91000366210935,199.9105974135473,2017
2017-01-20,226.7400054931641,201.07848147357953,2017
2017-01-23,226.1499938964844,199.9105974135473,2017
2017-01-24,227.6000061035156,201.7599230135326,2017
2017-01-25,229.57000732421875,201.93244569320018,2017
2017-01-26,229.3300018310547,201.93244569320018,2017
2017-01-27,228.97000122070312,201.88782857689014,2017
2017-01-30,227.5500030517578,201.75528211100675,2017
2017-01-31,227.52999877929688,200.49846398566336,2017
2017-02-01,227.6199951171875,199.53589169797897,2017
2017-02-02,227.77000427246097,199.8559755027784,2017
2017-02-03,229.33999633789065,201.10259740600745,2017
2017-02-06,228.92999267578125,201.7599230135326,2017
2017-02-07,228.94000244140625,201.7599230135326,2017
2017-02-08,229.2400054931641,201.76421879751354,2017
2017-02-09,230.6000061035156,201.93244569320018,2017
2017-02-10,231.5099945068359,201.88782857689014,2017
2017-02-13,232.77000427246097,201.98181033095577,2017
2017-02-14,233.6999969482422,201.99432525916257,2017
2017-02-15,234.9199981689453,201.73289557349372,2017
2017-02-16,234.72000122070312,201.912178705497,2017
2017-02-17,235.08999633789065,201.93244569320018,2017
2017-02-21,236.4900054931641,201.98396761398746,2017
2017-02-22,236.27999877929688,201.86956559853263,2017
2017-02-23,236.44000244140625,201.7599230135326,2017
2017-02-24,236.7400054931641,201.8258421892822,2017
2017-02-27,237.11000061035156,201.6657552537878,2017
2017-02-28,236.47000122070312,200.5156500922444,2017
2017-03-01,239.77999877929688,201.93244569320018,2017
2017-03-02,238.27000427246097,201.79747467996782,2017
2017-03-03,238.4199981689453,201.75746387383214,2017
2017-03-06,237.7100067138672,201.09795650348158,2017
2017-03-07,237.0,201.09795650348158,2017
2017-03-08,236.55999755859375,199.3635579967391,2017
2017-03-09,236.86000061035156,199.8559755027784,2017
2017-03-10,237.69000244140625,199.9105974135473,2017
2017-03-13,237.80999755859375,201.07848147357953,2017
2017-03-14,236.8999938964844,200.5156500922444,2017
2017-03-15,238.9499969482422,201.88782857689014,2017
2017-03-16,238.47999572753903,201.79218172062636,2017
2017-03-17,237.02999877929688,199.83847796599372,2017
2017-03-20,236.77000427246097,199.83847796599372,2017
2017-03-21,233.72999572753903,199.16043983835624,2017
2017-03-22,234.27999877929688,198.74510977573362,2017
2017-03-23,234.02999877929688,198.79056414549248,2017
2017-03-24,233.86000061035156,199.21281788086384,2017
2017-03-27,233.6199951171875,199.43103654176682,2017
2017-03-28,235.32000732421875,201.79218172062636,2017
2017-03-29,235.5399932861328,201.75528211100675,2017
2017-03-30,236.2899932861328,201.88782857689014,2017
2017-03-31,235.7400054931641,201.83219252676204,2017
2017-04-03,235.3300018310547,201.70785021919212,2017
2017-04-04,235.47999572753903,201.07848147357953,2017
2017-04-05,234.77999877929688,199.9105974135473,2017
2017-04-06,235.44000244140625,199.9105974135473,2017
2017-04-07,235.1999969482422,199.89797639435716,2017
2017-04-10,235.33999633789065,200.5156500922444,2017
2017-04-11,235.05999755859375,200.13908558702363,2017
2017-04-12,234.02999877929688,199.8980522094921,2017
2017-04-13,232.5099945068359,199.24753572765806,2017
2017-04-17,234.57000732421875,199.83847796599372,2017
2017-04-18,233.8699951171875,199.8726529746982,2017
2017-04-19,233.44000244140625,199.82910052833444,2017
2017-04-20,235.33999633789065,201.75528211100675,2017
2017-04-21,234.58999633789065,201.881655563411,2017
2017-04-24,237.1699981689453,201.86956559853263,2017
2017-04-25,238.5500030517578,201.99432525916257,2017
2017-04-26,238.3999938964844,201.91002142246532,2017
2017-04-27,238.6000061035156,201.9222342682031,2017
2017-04-28,238.0800018310547,201.82026374075,2017
2017-05-01,238.67999267578125,201.62264698677083,2017
2017-05-02,238.77000427246097,201.07848147357953,2017
2017-05-03,238.47999572753903,201.07848147357953,2017
2017-05-04,238.7599945068359,201.07848147357953,2017
2017-05-05,239.6999969482422,201.70785021919212,2017
2017-05-08,239.66000366210935,201.7035544352112,2017
2017-05-09,239.44000244140625,201.11514261006263,2017
2017-05-10,239.8699951171875,201.7035544352112,2017
2017-05-11,239.3800048828125,201.11514261006263,2017
2017-05-12,238.97999572753903,199.88313328811452,2017
2017-05-15,240.3000030517578,201.11514261006263,2017
2017-05-16,240.0800018310547,201.11514261006263,2017
2017-05-17,235.82000732421875,198.74510977573362,2017
2017-05-18,236.77000427246097,199.34006836731848,2017
2017-05-19,238.30999755859375,199.70038701754126,2017
2017-05-22,239.52000427246097,199.6981013787543,2017
2017-05-23,240.0500030517578,200.35808739842395,2017
2017-05-24,240.61000061035156,201.912178705497,2017
2017-05-25,241.7599945068359,201.912178705497,2017
2017-05-26,241.7100067138672,201.93244569320018,2017
2017-05-30,241.5,201.881655563411,2017
2017-05-31,241.44000244140625,201.7035544352112,2017
2017-06-01,243.36000061035156,201.86956559853263,2017
2017-06-02,244.1699981689453,201.86956559853263,2017
2017-06-05,243.9900054931641,201.88782857689014,2017
2017-06-06,243.2100067138672,201.79218172062636,2017
2017-06-07,243.66000366210935,201.73556370886345,2017
2017-06-08,243.77999877929688,201.11514261006263,2017
2017-06-09,243.41000366210935,199.88313328811452,2017
2017-06-12,243.36000061035156,199.88313328811452,2017
2017-06-13,244.5500030517578,201.7035544352112,2017
2017-06-14,244.2400054931641,201.11514261006263,2017
2017-06-15,243.77000427246097,200.5156500922444,2017
2017-06-16,242.63999938964844,199.84252971753077,2017
2017-06-19,244.66000366210935,201.7599230135326,2017
2017-06-20,243.0099945068359,199.82910052833444,2017
2017-06-21,242.9499969482422,199.84311886851958,2017
2017-06-22,242.83999633789065,199.84311886851958,2017
2017-06-23,243.1300048828125,201.10259740600745,2017
2017-06-26,243.2899932861328,199.86911494792938,2017
2017-06-27,241.3300018310547,199.57708814443222,2017
2017-06-28,243.4900054931641,201.09795650348158,2017
2017-06-29,241.3500061035156,199.81937227676062,2017
2017-06-30,241.8000030517578,199.83847796599372,2017
2017-07-03,242.2100067138672,199.83847796599372,2017
2017-07-05,242.77000427246097,201.7599230135326,2017
2017-07-06,240.5500030517578,199.31488292563586,2017
2017-07-07,242.11000061035156,201.6621643815635,2017
2017-07-10,242.3699951171875,201.09795650348158,2017
2017-07-11,242.19000244140625,200.49846398566336,2017
2017-07-12,244.0099945068359,201.72056426421253,2017
2017-07-13,244.4199981689453,201.93814367267439,2017
2017-07-14,245.55999755859375,201.93244569320018,2017
2017-07-17,245.52999877929688,201.98396761398746,2017
2017-07-18,245.66000366210935,201.98396761398746,2017
2017-07-19,246.9900054931641,201.93244569320018,2017
2017-07-20,247.1000061035156,201.86956559853263,2017
2017-07-21,246.8800048828125,201.7599230135326,2017
2017-07-24,246.82000732421875,201.7035544352112,2017
2017-07-25,247.4199981689453,201.59062512660512,2017
2017-07-26,247.42999267578125,201.11514261006263,2017
2017-07-27,247.1999969482422,201.07848147357953,2017
2017-07-28,246.91000366210935,200.5156500922444,2017
2017-07-31,246.77000427246097,200.5156500922444,2017
2017-08-01,247.32000732421875,200.5156500922444,2017
2017-08-02,247.44000244140625,200.5156500922444,2017
2017-08-03,246.9600067138672,200.13908558702363,2017
2017-08-04,247.41000366210935,201.11514261006263,2017
2017-08-07,247.8699951171875,201.62264698677083,2017
2017-08-08,247.2599945068359,200.5156500922444,2017
2017-08-09,247.25,200.14763910026687,2017
2017-08-10,243.7599945068359,199.21281788086384,2017
2017-08-11,244.1199951171875,199.1094447792056,2017
2017-08-14,246.5399932861328,199.8037601191995,2017
2017-08-15,246.5099945068359,199.8037601191995,2017
2017-08-16,246.94000244140625,200.07927574135084,2017
2017-08-17,243.08999633789065,199.8037601191995,2017
2017-08-18,242.7100067138672,199.68128132830816,2017
2017-08-21,242.8999938964844,199.1117562486254,2017
2017-08-22,245.44000244140625,199.6981013787543,2017
2017-08-23,244.55999755859375,199.53144001370853,2017
2017-08-24,243.9900054931641,201.75528211100675,2017
2017-08-25,244.55999755859375,201.83219252676204,2017
2017-08-28,244.57000732421875,201.70785021919212,2017
2017-08-29,244.8500061035156,199.8705122689244,2017
2017-08-30,246.0099945068359,201.7599230135326,2017
2017-08-31,247.4900054931641,201.93244569320018,2017
2017-09-01,247.83999633789065,201.93244569320018,2017
2017-09-05,246.05999755859375,201.72056426421253,2017
2017-09-06,246.8999938964844,201.881655563411,2017
2017-09-07,246.8699951171875,201.7599230135326,2017
2017-09-08,246.5800018310547,199.84252971753077,2017
2017-09-11,249.2100067138672,201.72056426421253,2017
2017-09-12,250.0500030517578,201.98750831042997,2017
2017-09-13,250.1699981689453,201.90276354453397,2017
2017-09-14,250.08999633789065,201.93244569320018,2017
2017-09-15,249.19000244140625,201.75738364608245,2017
2017-09-18,249.72000122070312,201.11514261006263,2017
2017-09-19,249.97000122070312,200.5156500922444,2017
2017-09-20,250.05999755859375,200.5156500922444,2017
2017-09-21,249.38999938964844,199.88313328811452,2017
2017-09-22,249.44000244140625,201.07848147357953,2017
2017-09-25,248.92999267578125,199.88313328811452,2017
2017-09-26,249.0800018310547,199.88313328811452,2017
2017-09-27,250.0500030517578,200.5156500922444,2017
2017-09-28,250.3500061035156,201.7599230135326,2017
2017-09-29,251.22999572753903,201.83219252676204,2017
2017-10-02,252.32000732421875,201.98396761398746,2017
2017-10-03,252.86000061035156,201.98396761398746,2017
2017-10-04,253.16000366210935,201.93244569320018,2017
2017-10-05,254.66000366210935,201.912178705497,2017
2017-10-06,254.3699951171875,201.93244569320018,2017
2017-10-09,253.9499969482422,201.79218172062636,2017
2017-10-10,254.6199951171875,201.77637915263327,2017
2017-10-11,255.02000427246097,201.67992765873535,2017
2017-10-12,254.63999938964844,200.5156500922444,2017
2017-10-13,254.9499969482422,201.11514261006263,2017
2017-10-16,255.2899932861328,201.62264698677083,2017
2017-10-17,255.47000122070312,201.62264698677083,2017
2017-10-18,255.72000122070312,201.2885802479052,2017
2017-10-19,255.7899932861328,201.62264698677083,2017
2017-10-20,257.1099853515625,201.88782857689014,2017
2017-10-23,256.1099853515625,201.6621643815635,2017
2017-10-24,256.55999755859375,201.7035544352112,2017
2017-10-25,255.2899932861328,200.11863449067093,2017
2017-10-26,255.6199951171875,200.13509389621169,2017
2017-10-27,257.7099914550781,201.09795650348158,2017
2017-10-30,256.75,201.09795650348158,2017
2017-10-31,257.1499938964844,201.09795650348158,2017
2017-11-01,257.489990234375,201.94542496146758,2017
2017-11-02,257.5899963378906,201.78698707996173,2017
2017-11-03,258.45001220703125,201.71976076614095,2017
2017-11-06,258.8500061035156,201.93925194798842,2017
2017-11-07,258.6700134277344,201.81751939811005,2017
2017-11-08,259.1099853515625,201.76544660376956,2017
2017-11-09,258.1700134277344,201.17273899464007,2017
2017-11-10,258.0899963378906,200.19668197160107,2017
2017-11-13,258.3299865722656,199.92810865350182,2017
2017-11-14,257.7300109863281,199.94072967269196,2017
2017-11-15,256.44000244140625,199.6452713501536,2017
2017-11-16,258.6199951171875,201.15555288805902,2017
2017-11-17,257.8599853515625,200.17623087524836,2017
2017-11-20,258.29998779296875,200.56070127276666,2017
2017-11-21,259.989990234375,201.94542496146758,2017
2017-11-22,259.760009765625,201.99004207777762,2017
2017-11-24,260.3599853515625,201.88978891133948,2017
2017-11-27,260.2300109863281,201.94542496146758,2017
2017-11-28,262.8699951171875,202.0540789267717,2017
2017-11-29,262.7099914550781,201.92716198311007,2017
2017-11-30,265.010009765625,201.88962449577423,2017
2017-12-01,264.4599914550781,201.96761780704276,2017
2017-12-04,264.1400146484375,202.0472619780391,2017
2017-12-05,263.19000244140625,201.15555288805902,2017
2017-12-06,263.239990234375,201.16019379058488,2017
2017-12-07,264.07000732421875,199.92818446863677,2017
2017-12-08,265.510009765625,201.8128784955842,2017
2017-12-11,266.30999755859375,201.94542496146758,2017
2017-12-12,266.7799987792969,202.0415639985649,2017
2017-12-13,266.75,201.99004207777762,2017
2017-12-14,265.6600036621094,201.76544660376956,2017
2017-12-15,266.510009765625,201.76115081978864,2017
2017-12-18,268.20001220703125,201.88978891133948,2017
2017-12-19,267.1700134277344,201.15555288805902,2017
2017-12-20,267.0299987792969,201.11889175157592,2017
2017-12-21,267.5799865722656,201.8339755372107,2017
2017-12-22,267.510009765625,201.76115081978864,2017
2017-12-26,267.19000244140625,199.94072967269196,2017
2017-12-27,267.32000732421875,201.13607785815697,2017
2017-12-28,267.8699951171875,201.58248473937917,2017
2017-12-29,266.8599853515625,199.94072967269196,2017
2018-01-02,268.7699890136719,201.7599230135326,2018
2018-01-03,270.4700012207031,201.93244569320018,2018
2018-01-04,271.6099853515625,201.91002142246532,2018
2018-01-05,273.4200134277344,201.8530522964037,2018
2018-01-08,273.9200134277344,201.82894827518732,2018
2018-01-09,274.5400085449219,201.83229396566276,2018
2018-01-10,274.1199951171875,201.93244569320018,2018
2018-01-11,276.1199951171875,201.94508759762002,2018
2018-01-12,277.9200134277344,201.91002142246532,2018
2018-01-16,276.9700012207031,201.9737561889904,2018
2018-01-17,279.6099853515625,201.91002142246532,2018
2018-01-18,279.1400146484375,201.912178705497,2018
2018-01-19,280.4100036621094,201.912178705497,2018
2018-01-22,282.69000244140625,201.99432525916257,2018
2018-01-23,283.2900085449219,201.83229396566276,2018
2018-01-24,283.17999267578125,201.9302884101685,2018
2018-01-25,283.29998779296875,201.912178705497,2018
2018-01-26,286.5799865722656,201.85219045351056,2018
2018-01-29,284.67999267578125,201.84693771661676,2018
2018-01-30,281.760009765625,199.7322763874588,2018
2018-01-31,281.8999938964844,199.70038701754126,2018
2018-02-01,281.5799865722656,199.49356373562247,2018
2018-02-02,275.45001220703125,197.48565176172397,2018
2018-02-05,263.92999267578125,197.32785814622338,2018
2018-02-06,269.1300048828125,197.32785814622338,2018
2018-02-07,267.6700134277344,197.2550968460843,2018
2018-02-08,257.6300048828125,197.14256414890068,2018
2018-02-09,261.5,197.49140607077032,2018
2018-02-12,265.3399963378906,201.49355422785933,2018
2018-02-13,266.0,199.6406125329385,2018
2018-02-14,269.5899963378906,201.89292036741028,2018
2018-02-15,273.0299987792969,202.39858366850555,2018
2018-02-16,273.1099853515625,202.30138101798812,2018
2018-02-20,271.3999938964844,201.88777640983494,2018
2018-02-21,270.04998779296875,201.9359863896427,2018
2018-02-22,270.3999938964844,201.62280563224343,2018
2018-02-23,274.7099914550781,201.75746387383214,2018
2018-02-26,277.8999938964844,202.0691681971897,2018
2018-02-27,274.42999267578125,202.00605362181804,2018
2018-02-28,271.6499938964844,201.73253142597346,2018
2018-03-01,267.70001220703125,199.7451941229747,2018
2018-03-02,269.0799865722656,198.27155633909436,2018
2018-03-05,272.19000244140625,198.08357397575904,2018
2018-03-06,272.8800048828125,199.87161811760134,2018
2018-03-07,272.7799987792969,201.72056426421253,2018
2018-03-08,274.1000061035156,201.8320281111968,2018
2018-03-09,278.8699951171875,202.12730500638153,2018
2018-03-12,278.5199890136719,201.82894827518732,2018
2018-03-13,276.7200012207031,201.9568778830971,2018
2018-03-14,275.29998779296875,201.85935417353556,2018
2018-03-15,275.0,201.72056426421253,2018
2018-03-16,274.20001220703125,198.79056414549248,2018
2018-03-19,270.489990234375,198.05566082360212,2018
2018-03-20,270.95001220703125,198.08357397575904,2018
2018-03-21,270.42999267578125,198.8045163319529,2018
2018-03-22,263.6700134277344,197.49140607077032,2018
2018-03-23,258.04998779296875,197.14256414890068,2018
2018-03-26,265.1099853515625,198.66433256919987,2018
2018-03-27,260.6000061035156,197.32785814622338,2018
2018-03-28,259.8299865722656,197.69516869007404,2018
2018-03-29,263.1499938964844,199.76468180875779,2018
2018-04-02,257.4700012207031,199.83744310889685,2018
2018-04-03,260.7699890136719,198.74282413694667,2018
2018-04-04,263.55999755859375,201.89730182034444,2018
2018-04-05,265.6400146484375,201.95025494692112,2018
2018-04-06,259.7200012207031,199.13486993083106,2018
2018-04-09,261.0,201.98181033095577,2018
2018-04-10,265.1499938964844,201.9693928113039,2018
2018-04-11,263.760009765625,200.98749920976255,2018
2018-04-12,265.92999267578125,200.98749920976255,2018
2018-04-13,265.1499938964844,201.85219045351056,2018
2018-04-16,267.3299865722656,201.80137221588836,2018
2018-04-17,270.19000244140625,201.99432525916257,2018
2018-04-18,270.3900146484375,201.75864467533526,2018
2018-04-19,268.8900146484375,201.9222342682031,2018
2018-04-20,266.6099853515625,201.72056426421253,2018
2018-04-23,266.57000732421875,199.6981013787543,2018
2018-04-24,262.9800109863281,198.08357397575904,2018
2018-04-25,263.6300048828125,198.01081267561997,2018
2018-04-26,266.30999755859375,199.34006836731848,2018
2018-04-27,266.55999755859375,200.3603730372109,2018
2018-04-30,264.510009765625,199.58592274400178,2018
2018-05-01,264.9800109863281,201.84693771661676,2018
2018-05-02,263.20001220703125,200.07927574135084,2018
2018-05-03,262.6199951171875,199.02015452702867,2018
2018-05-04,266.0199890136719,199.8037601191995,2018
2018-05-07,266.9200134277344,201.87761715189308,2018
2018-05-08,266.9200134277344,201.8367262916197,2018
2018-05-09,269.5,201.75864467533526,2018
2018-05-10,272.0199890136719,202.22450765689896,2018
2018-05-11,272.8500061035156,201.8530522964037,2018
2018-05-14,272.9800109863281,201.82894827518732,2018
2018-05-15,271.1000061035156,201.99648254219426,2018
2018-05-16,272.239990234375,201.86956559853263,2018
2018-05-17,272.010009765625,200.50310488818923,2018
2018-05-18,271.3299865722656,199.82851137734562,2018
2018-05-21,273.3699951171875,201.09795650348158,2018
2018-05-22,272.6099853515625,201.7599230135326,2018
2018-05-23,273.3599853515625,201.75528211100675,2018
2018-05-24,272.79998779296875,201.6621643815635,2018
2018-05-25,272.1499938964844,201.6057958032421,2018
2018-05-29,269.0199890136719,198.84848287739186,2018
2018-05-30,272.6099853515625,200.46374613886914,2018
2018-05-31,270.94000244140625,199.44344146897672,2018
2018-06-01,273.6000061035156,201.62280563224343,2018
2018-06-04,274.8999938964844,201.85935417353556,2018
2018-06-05,275.1000061035156,201.83229396566276,2018
2018-06-06,277.3999938964844,201.91002142246532,2018
2018-06-07,277.3699951171875,201.8320281111968,2018
2018-06-08,278.19000244140625,201.912178705497,2018
2018-06-11,278.55999755859375,201.98396761398746,2018
2018-06-12,278.9200134277344,201.98396761398746,2018
2018-06-13,278.0299987792969,201.10259740600745,2018
2018-06-14,278.7300109863281,201.62264698677083,2018
2018-06-15,277.1300048828125,199.84252971753077,2018
2018-06-18,276.55999755859375,199.620640590796,2018
2018-06-19,275.5,199.26609857880143,2018
2018-06-20,275.9700012207031,199.58592274400178,2018
2018-06-21,274.239990234375,198.8252819922867,2018
2018-06-22,274.739990234375,199.52975577834806,2018
2018-06-25,271.0,197.9442322456165,2018
2018-06-26,271.6000061035156,199.1117562486254,2018
2018-06-27,269.3500061035156,198.01081267561997,2018
2018-06-28,270.8900146484375,199.10480674524382,2018
2018-06-29,271.2799987792969,199.22868192996347,2018
2018-07-02,271.8599853515625,201.75528211100675,2018
2018-07-03,270.8999938964844,199.83847796599372,2018
2018-07-05,273.1099853515625,201.93244569320018,2018
2018-07-06,275.4200134277344,201.91002142246532,2018
2018-07-09,277.8999938964844,201.82894827518732,2018
2018-07-10,278.8999938964844,202.02002731047153,2018
2018-07-11,276.8599853515625,201.73289557349372,2018
2018-07-12,279.3699951171875,201.8320281111968,2018
2018-07-13,279.5899963378906,201.94508759762002,2018
2018-07-16,279.3399963378906,201.75528211100675,2018
2018-07-17,280.4700012207031,201.74282815970435,2018
2018-07-18,281.05999755859375,201.90017106178,2018
2018-07-19,280.0,201.10259740600745,2018
2018-07-20,279.67999267578125,201.06593626952434,2018
2018-07-23,280.20001220703125,201.7035544352112,2018
2018-07-24,281.6099853515625,201.7599230135326,2018
2018-07-25,284.010009765625,201.9222342682031,2018
2018-07-26,283.3399963378906,201.9222342682031,2018
2018-07-27,281.4200134277344,201.79747467996782,2018
2018-07-30,279.95001220703125,200.07927574135084,2018
2018-07-31,281.3299865722656,200.07927574135084,2018
2018-08-01,280.8599853515625,199.26609857880143,2018
2018-08-02,282.3900146484375,199.83847796599372,2018
2018-08-03,283.6000061035156,201.88782857689014,2018
2018-08-06,284.6400146484375,201.99432525916257,2018
2018-08-07,285.5799865722656,201.99432525916257,2018
2018-08-08,285.4599914550781,201.912178705497,2018
2018-08-09,285.07000732421875,201.86956559853263,2018
2018-08-10,283.1600036621094,199.90559190591588,2018
2018-08-13,282.1000061035156,199.4967221669143,2018
2018-08-14,283.8999938964844,199.58592274400178,2018
2018-08-15,281.7799987792969,199.07807325892804,2018
2018-08-16,284.05999755859375,199.83847796599372,2018
2018-08-17,285.05999755859375,201.79747467996782,2018
2018-08-20,285.6700134277344,201.98396761398746,2018
2018-08-21,286.3399963378906,201.85935417353556,2018
2018-08-22,286.1700134277344,201.90017106178,2018
2018-08-23,285.7900085449219,201.67992765873535,2018
2018-08-24,287.510009765625,201.86956559853263,2018
2018-08-27,289.7799987792969,201.99432525916257,2018
2018-08-28,289.9200134277344,201.98181033095577,2018
2018-08-29,291.4800109863281,201.73289557349372,2018
2018-08-30,290.29998779296875,201.912178705497,2018
2018-08-31,290.30999755859375,201.93244569320018,2018
2018-09-04,289.80999755859375,200.50310488818923,2018
2018-09-05,289.0299987792969,199.83847796599372,2018
2018-09-06,288.1600036621094,199.25105878281346,2018
2018-09-07,287.6000061035156,199.45262457335892,2018
2018-09-10,288.1000061035156,199.46487895382958,2018
2018-09-11,289.04998779296875,199.84252971753077,2018
2018-09-12,289.1199951171875,201.06593626952434,2018
2018-09-13,290.8299865722656,201.86956559853263,2018
2018-09-14,290.8800048828125,201.93244569320018,2018
2018-09-17,289.3399963378906,201.75528211100675,2018
2018-09-18,290.9100036621094,201.83219252676204,2018
2018-09-19,291.2200012207031,201.881655563411,2018
2018-09-20,293.5799865722656,201.86956559853263,2018
2018-09-21,291.989990234375,201.72056426421253,2018
2018-09-24,291.0199890136719,201.79218172062636,2018
2018-09-25,290.75,200.13045299368582,2018
2018-09-26,289.8800048828125,199.8037601191995,2018
2018-09-27,290.69000244140625,199.35646222647446,2018
2018-09-28,290.7200012207031,199.88313328811452,2018
2018-10-01,291.7300109863281,201.29774933783727,2018
2018-10-02,291.55999755859375,201.6621643815635,2018
2018-10-03,291.7200012207031,201.67992765873535,2018
2018-10-04,289.44000244140625,199.83847796599372,2018
2018-10-05,287.82000732421875,199.0927135181921,2018
2018-10-08,287.82000732421875,198.90901249444815,2018
2018-10-09,287.3999938964844,198.67942211291196,2018
2018-10-10,278.29998779296875,197.5648177165018,2018
2018-10-11,272.1700134277344,197.1613618293479,2018
2018-10-12,275.95001220703125,197.1613618293479,2018
2018-10-15,274.3999938964844,197.28873709477122,2018
2018-10-16,280.3999938964844,197.98594034609505,2018
2018-10-17,280.45001220703125,201.96380354066346,2018
2018-10-18,276.3999938964844,201.88508897460665,2018
2018-10-19,276.25,200.95165120666778,2018
2018-10-22,275.010009765625,201.09692164638471,2018
2018-10-23,273.6099853515625,198.02017195172434,2018
2018-10-24,265.32000732421875,197.5648177165018,2018
2018-10-25,270.0799865722656,198.13977777077926,2018
2018-10-26,265.3299865722656,197.51020375121755,2018
2018-10-29,263.8599853515625,197.63757901664087,2018
2018-10-30,267.7699890136719,198.02017195172434,2018
2018-10-31,270.6300048828125,201.75864467533526,2018
2018-11-01,273.510009765625,202.11571452424604,2018
2018-11-02,271.8900146484375,202.13873827944937,2018
2018-11-05,273.3900146484375,202.10927544895532,2018
2018-11-06,275.1199951171875,201.99508021211528,2018
2018-11-07,281.010009765625,202.17754557827791,2018
2018-11-08,280.5,202.2359409299668,2018
2018-11-09,277.760009765625,202.0432059827769,2018
2018-11-12,272.57000732421875,200.2931003386003,2018
2018-11-13,272.05999755859375,199.63480689348123,2018
2018-11-14,270.20001220703125,197.62241410107924,2018
2018-11-15,273.0199890136719,197.9349275174017,2018
2018-11-16,273.7300109863281,198.8360673030182,2018
2018-11-19,269.1000061035156,199.15463419889898,2018
2018-11-20,264.1199951171875,198.1897209313684,2018
2018-11-21,265.0199890136719,198.8623478782101,2018
2018-11-23,263.25,197.68204201398177,2018
2018-11-26,267.5,198.07776833630177,2018
2018-11-27,268.3999938964844,199.8950394934743,2018
2018-11-28,274.5799865722656,202.29704529624792,2018
2018-11-29,273.9800109863281,202.10616549105646,2018
2018-11-30,275.6499938964844,202.35897740256556,2018
2018-12-03,279.29998779296875,202.23352007110714,2018
2018-12-04,270.25,201.8576863487067,2018
2018-12-06,269.8399963378906,199.12830160739986,2018
2018-12-07,263.57000732421875,197.21895821392533,2018
2018-12-10,264.07000732421875,197.34633347934866,2018
2018-12-11,264.1300048828125,197.68942109217195,2018
2018-12-12,265.4599914550781,198.79005227103474,2018
2018-12-13,265.3699951171875,198.86866261313133,2018
2018-12-14,260.4700012207031,199.15030990276955,2018
2018-12-17,255.36000061035156,197.78084139619222,2018
2018-12-18,255.0800018310547,197.63226082273133,2018
2018-12-19,251.2599945068359,197.2735721792096,2018
2018-12-20,247.1699981689453,197.21895821392533,2018
2018-12-21,240.6999969482422,197.21895821392533,2018
2018-12-24,234.33999633789065,197.34633347934866,2018
2018-12-26,246.17999267578125,197.55949952259226,2018
2018-12-27,248.07000732421875,199.29619766086,2018
2018-12-28,247.75,201.15437847105773,2018
2018-12-31,249.9199981689453,201.96090096630058,2018
2019-01-02,250.17999267578125,202.00714828347157,2019
2019-01-03,244.2100067138672,199.49356373562247,2019
2019-01-04,252.38999938964844,201.88508897460665,2019
2019-01-07,254.3800048828125,202.0052095517091,2019
2019-01-08,256.7699890136719,201.7418935932546,2019
2019-01-09,257.9700012207031,201.84708345512968,2019
2019-01-10,258.8800048828125,202.22450765689896,2019
2019-01-11,258.9800109863281,201.85219045351056,2019
2019-01-14,257.3999938964844,201.98396761398746,2019
2019-01-15,260.3500061035156,201.98396761398746,2019
2019-01-16,260.9800109863281,201.93244569320018,2019
2019-01-17,262.9599914550781,201.9359863896427,2019
2019-01-18,266.4599914550781,202.09079946007455,2019
2019-01-22,262.8599853515625,201.88777640983494,2019
2019-01-23,263.4100036621094,201.9222342682031,2019
2019-01-24,263.54998779296875,201.86956559853263,2019
2019-01-25,265.7799987792969,201.9222342682031,2019
2019-01-28,263.760009765625,199.53144001370853,2019
2019-01-29,263.4100036621094,201.09795650348158,2019
2019-01-30,267.5799865722656,201.91002142246532,2019
2019-01-31,269.92999267578125,201.95025494692112,2019
2019-02-01,270.05999755859375,202.01764627640242,2019
2019-02-04,271.9599914550781,202.066389037699,2019
2019-02-05,273.1000061035156,202.08475809718396,2019
2019-02-06,272.739990234375,201.7350528565254,2019
2019-02-07,270.1400146484375,201.02657752020426,2019
2019-02-08,270.4700012207031,201.06323865668736,2019
2019-02-11,270.6199951171875,199.8037601191995,2019
2019-02-12,274.1000061035156,201.72056426421253,2019
2019-02-13,274.989990234375,201.87761715189308,2019
2019-02-14,274.3800048828125,201.91002142246532,2019
2019-02-15,277.3699951171875,201.8530522964037,2019
2019-02-19,277.8500061035156,201.83229396566276,2019
2019-02-20,278.4100036621094,201.91002142246532,2019
2019-02-21,277.4200134277344,201.85935417353556,2019
2019-02-22,279.1400146484375,201.90017106178,2019
2019-02-25,279.5199890136719,201.88782857689014,2019
2019-02-26,279.32000732421875,201.75528211100675,2019
2019-02-27,279.20001220703125,201.65752347903765,2019
2019-02-28,278.67999267578125,201.62264698677083,2019
2019-03-01,280.4200134277344,201.7599230135326,2019
2019-03-04,279.3999938964844,200.50310488818923,2019
2019-03-05,279.0199890136719,200.11863449067093,2019
2019-03-06,277.3299865722656,199.620640590796,2019
2019-03-07,275.010009765625,198.98107621658696,2019
2019-03-08,274.4599914550781,197.89827997843634,2019
2019-03-11,278.44000244140625,199.6981013787543,2019
2019-03-12,279.489990234375,201.09692164638471,2019
2019-03-13,281.3399963378906,201.91105394178402,2019
2019-03-14,281.1600036621094,201.95025494692112,2019
2019-03-15,281.30999755859375,201.85434773654225,2019
2019-03-18,282.3299865722656,201.98966559346167,2019
2019-03-19,282.3999938964844,201.88726418839613,2019
2019-03-20,281.54998779296875,201.06593626952434,2019
2019-03-21,284.7300109863281,201.93244569320018,2019
2019-03-22,279.25,199.42926894440595,2019
2019-03-25,279.0400085449219,199.2997815684988,2019
2019-03-26,281.1199951171875,199.83744310889685,2019
2019-03-27,279.6499938964844,199.54684443356007,2019
2019-03-28,280.7099914550781,198.83344308140389,2019
2019-03-29,282.4800109863281,201.93244569320018,2019
2019-04-01,285.8299865722656,201.82894827518732,2019
2019-04-02,285.9700012207031,201.9693928113039,2019
2019-04-03,286.4200134277344,201.75864467533526,2019
2019-04-04,287.17999267578125,201.8320281111968,2019
2019-04-05,288.57000732421875,201.88725662866526,2019
2019-04-08,288.7900085449219,201.98396761398746,2019
2019-04-09,287.30999755859375,201.75528211100675,2019
2019-04-10,288.2900085449219,201.83219252676204,2019
2019-04-11,288.2099914550781,201.7035544352112,2019
2019-04-12,290.1600036621094,201.79218172062636,2019
2019-04-15,289.9700012207031,201.72056426421253,2019
2019-04-16,290.1600036621094,201.98396761398746,2019
2019-04-17,289.45001220703125,201.7599230135326,2019
2019-04-18,290.0199890136719,201.607897133449,2019
2019-04-22,290.2699890136719,201.07848147357953,2019
2019-04-23,292.8800048828125,201.98396761398746,2019
2019-04-24,292.2300109863281,201.84693771661676,2019
2019-04-25,292.04998779296875,201.86956559853263,2019
2019-04-26,293.4100036621094,201.93244569320018,2019
2019-04-29,293.8699951171875,201.98396761398746,2019
2019-04-30,294.0199890136719,201.75528211100675,2019
2019-05-01,291.80999755859375,200.11399358814506,2019
2019-05-02,291.17999267578125,199.8037601191995,2019
2019-05-03,294.0299987792969,201.06323865668736,2019
2019-05-06,292.82000732421875,199.8037601191995,2019
2019-05-07,287.92999267578125,198.08357397575904,2019
2019-05-08,287.5299987792969,198.80940456695015,2019
2019-05-09,286.6600036621094,198.71725422942148,2019
2019-05-10,288.1000061035156,197.89827997843634,2019
2019-05-13,280.8599853515625,197.73369838458382,2019
2019-05-14,283.3999938964844,198.84793426145993,2019
2019-05-15,285.05999755859375,199.4576438564726,2019
2019-05-16,287.70001220703125,201.66140021072457,2019
2019-05-17,285.8399963378906,199.40993659428824,2019
2019-05-20,283.95001220703125,201.9737561889904,2019
2019-05-21,286.510009765625,201.98396761398746,2019
2019-05-22,285.6300048828125,201.06323865668736,2019
2019-05-23,282.1400146484375,197.8339851872198,2019
2019-05-24,282.7799987792969,199.1094447792056,2019
2019-05-28,280.1499938964844,199.1117562486254,2019
2019-05-29,278.2699890136719,197.98289952346306,2019
2019-05-30,279.0299987792969,197.8339851872198,2019
2019-05-31,275.2699890136719,197.89827997843634,2019
2019-06-03,274.57000732421875,198.05566082360212,2019
2019-06-04,280.5299987792969,201.09692164638471,2019
2019-06-05,282.9599914550781,201.93966526824323,2019
2019-06-06,284.79998779296875,202.17834454538936,2019
2019-06-07,287.6499938964844,202.00284445115727,2019
2019-06-10,288.9700012207031,202.1059489568553,2019
2019-06-11,288.8999938964844,201.99296627171003,2019
2019-06-12,288.3900146484375,201.73289557349372,2019
2019-06-13,289.5799865722656,201.90017106178,2019
2019-06-14,289.260009765625,201.70785021919212,2019
2019-06-17,289.3699951171875,201.11514261006263,2019
2019-06-18,292.3999938964844,201.98396761398746,2019
2019-06-19,293.05999755859375,201.91002142246532,2019
2019-06-20,295.8599853515625,201.95025494692112,2019
2019-06-21,294.0,201.91002142246532,2019
2019-06-24,293.6400146484375,201.99648254219426,2019
2019-06-25,290.760009765625,199.48026400355658,2019
2019-06-26,290.4700012207031,199.4576438564726,2019
2019-06-27,291.5,198.79056414549248,2019
2019-06-28,293.0,199.8037601191995,2019
2019-07-01,295.6600036621094,201.8367262916197,2019
2019-07-02,296.42999267578125,201.88777640983494,2019
2019-07-03,298.79998779296875,201.86383453721035,2019
2019-07-05,298.4599914550781,201.85219045351056,2019
2019-07-08,296.82000732421875,201.98396761398746,2019
2019-07-09,297.19000244140625,201.75528211100675,2019
2019-07-10,298.6099853515625,201.88782857689014,2019
2019-07-11,299.30999755859375,201.09795650348158,2019
2019-07-12,300.6499938964844,201.87761715189308,2019
2019-07-15,300.75,201.98966559346167,2019
2019-07-16,299.7799987792969,201.86956559853263,2019
2019-07-17,297.739990234375,199.8037601191995,2019
2019-07-18,298.8299865722656,199.87087405912166,2019
2019-07-19,297.1700134277344,199.20817984690206,2019
2019-07-22,297.8999938964844,199.30081642559566,2019
2019-07-23,300.0299987792969,201.06129536699848,2019
2019-07-24,301.44000244140625,201.9302884101685,2019
2019-07-25,300.0,201.72056426421253,2019
2019-07-26,302.010009765625,201.91002142246532,2019
2019-07-29,301.4599914550781,201.98396761398746,2019
2019-07-30,300.7200012207031,201.29774933783727,2019
2019-07-31,297.42999267578125,198.74510977573362,2019
2019-08-01,294.8399963378906,198.36165951065456,2019
2019-08-02,292.6199951171875,197.6606574419573,2019
2019-08-05,283.82000732421875,197.32785814622338,2019
2019-08-06,287.79998779296875,197.32785814622338,2019
2019-08-07,287.9700012207031,197.74461425592807,2019
2019-08-08,293.6199951171875,200.1627426538838,2019
2019-08-09,291.6199951171875,200.1627426538838,2019
2019-08-12,288.07000732421875,201.9693928113039,2019
2019-08-13,292.54998779296875,201.9693928113039,2019
2019-08-14,283.8999938964844,199.15023553138985,2019
2019-08-15,284.6499938964844,197.6606574419573,2019
2019-08-16,288.8500061035156,199.3153433997501,2019
2019-08-19,292.3299865722656,202.1131785730749,2019
2019-08-20,290.0899963378906,199.87123612105137,2019
2019-08-21,292.45001220703125,202.19793020185966,2019
2019-08-22,292.3599853515625,201.93721797307188,2019
2019-08-23,284.8500061035156,198.71725422942148,2019
2019-08-26,288.0,198.84793426145993,2019
2019-08-27,286.8699951171875,199.2655499628695,2019
2019-08-28,288.8900146484375,199.22702026835972,2019
2019-08-29,292.5799865722656,200.98749920976255,2019
2019-08-30,292.45001220703125,201.95824215827878,2019
2019-09-03,290.739990234375,201.83988344986642,2019
2019-09-04,294.0400085449219,201.73289557349372,2019
2019-09-05,297.82000732421875,202.22450765689896,2019
2019-09-06,298.04998779296875,201.98560959819946,2019
2019-09-09,298.20001220703125,201.9611991758239,2019
2019-09-10,298.1300048828125,201.93748382753785,2019
2019-09-11,300.25,201.76796174864842,2019
2019-09-12,301.2900085449219,201.93244569320018,2019
2019-09-13,301.0899963378906,201.93244569320018,2019
2019-09-16,300.1600036621094,201.84693771661676,2019
2019-09-17,300.9200134277344,201.87178566153727,2019
2019-09-18,301.1000061035156,201.7035544352112,2019
2019-09-19,301.0799865722656,200.14763910026687,2019
2019-09-20,298.2799987792969,199.45262457335892,2019
2019-09-23,298.2099914550781,199.54661525990798,2019
2019-09-24,295.8699951171875,198.51778308957185,2019
2019-09-25,297.6199951171875,199.08577679665035,2019
2019-09-26,297.0,198.83529452127104,2019
2019-09-27,295.3999938964844,199.23080446664457,2019
2019-09-30,296.7699890136719,199.81028093473117,2019
2019-10-01,293.239990234375,199.3368304643544,2019
2019-10-02,288.05999755859375,197.65048371147572,2019
2019-10-03,290.4200134277344,197.78764864298338,2019
2019-10-04,294.3500061035156,199.78768008381482,2019
2019-10-07,293.0799865722656,199.0483542245907,2019
2019-10-08,288.5299987792969,198.8187638430545,2019
2019-10-09,291.2699890136719,201.90276354453397,2019
2019-10-10,293.239990234375,201.90276354453397,2019
2019-10-11,296.2799987792969,201.79232312009188,2019
2019-10-14,295.95001220703125,201.9865828981489,2019
2019-10-15,298.8800048828125,202.1105071990255,2019
2019-10-16,298.3999938964844,201.73289557349372,2019
2019-10-17,299.2799987792969,201.83418539422848,2019
2019-10-18,297.9700012207031,201.75746387383214,2019
2019-10-21,299.989990234375,201.98966559346167,2019
2019-10-22,299.010009765625,201.06593626952434,2019
2019-10-23,299.8800048828125,201.7599230135326,2019
2019-10-24,300.3699951171875,201.75528211100675,2019
2019-10-25,301.6000061035156,201.93244569320018,2019
2019-10-28,303.29998779296875,201.95428546532125,2019
2019-10-29,303.2099914550781,201.99432525916257,2019
2019-10-30,304.1400146484375,201.912178705497,2019
2019-10-31,303.3299865722656,201.93244569320018,2019
2019-11-01,306.1400146484375,201.96977509007445,2019
2019-11-04,307.3699951171875,202.0451046950074,2019
2019-11-05,307.0299987792969,202.0394067155332,2019
2019-11-06,307.1000061035156,201.9603599291114,2019
2019-11-07,308.17999267578125,201.95776744635742,2019
2019-11-08,308.94000244140625,201.99004207777762,2019
2019-11-11,308.3500061035156,201.81751939811005,2019
2019-11-12,309.0,201.93925194798842,2019
2019-11-13,309.1000061035156,201.78698707996173,2019
2019-11-14,309.54998779296875,201.76115081978864,2019
2019-11-15,311.7900085449219,201.99004207777762,2019
2019-11-18,312.0199890136719,202.0415639985649,2019
2019-11-19,311.92999267578125,202.0415639985649,2019
2019-11-20,310.7699890136719,201.8497781052038,2019
2019-11-21,310.2699890136719,201.3553457224147,2019
2019-11-22,310.9599914550781,199.9001261021082,2019
2019-11-25,313.3699951171875,201.77816064878996,2019
2019-11-26,314.0799865722656,201.91574281280137,2019
2019-11-27,315.4800109863281,201.96761780704276,2019
2019-11-29,314.30999755859375,201.99358277422013,2019
2019-12-02,311.6400146484375,201.1208350412648,2019
2019-12-03,309.54998779296875,199.10595060916813,2019
2019-12-04,311.4599914550781,199.48755095295616,2019
2019-12-05,312.0199890136719,199.27578876046383,2019
2019-12-06,314.8699951171875,201.01746193960656,2019
2019-12-09,313.8800048828125,201.91574281280137,2019
2019-12-10,313.5299987792969,202.0472619780391,2019
2019-12-11,314.4200134277344,201.99004207777762,2019
2019-12-12,317.1300048828125,201.86305983910847,2019
2019-12-13,317.32000732421875,201.89747983444386,2019
2019-12-16,319.5,201.83701967146916,2019
2019-12-17,319.57000732421875,201.87009870427525,2019
2019-12-18,319.5899963378906,201.7879521506097,2019
2019-12-19,320.8999938964844,201.99004207777762,2019
2019-12-20,320.7300109863281,201.99004207777762,2019
2019-12-23,321.2200012207031,201.8497781052038,2019
2019-12-24,321.2300109863281,201.8497781052038,2019
2019-12-26,322.94000244140625,201.99004207777762,2019
2019-12-27,322.8599853515625,201.93925194798842,2019
2019-12-30,321.0799865722656,201.15555288805902,2019
2019-12-31,321.8599853515625,201.15555288805902,2019
2020-01-02,324.8699951171875,201.93244569320018,2020
2020-01-03,322.4100036621094,199.8037601191995,2020
2020-01-06,323.6400146484375,201.62280563224343,2020
2020-01-07,322.7300109863281,201.79218172062636,2020
2020-01-08,324.45001220703125,201.86956559853263,2020
2020-01-09,326.6499938964844,201.78726325497075,2020
2020-01-10,325.7099914550781,201.9222342682031,2020
2020-01-13,327.95001220703125,201.99432525916257,2020
2020-01-14,327.45001220703125,201.99648254219426,2020
2020-01-15,328.19000244140625,201.93244569320018,2020
2020-01-16,330.9200134277344,201.91002142246532,2020
2020-01-17,331.95001220703125,201.85219045351056,2020
2020-01-21,331.29998779296875,201.9737561889904,2020
2020-01-22,331.3399963378906,201.93814367267439,2020
2020-01-23,331.7200012207031,201.82026374075,2020
2020-01-24,328.7699890136719,199.53264204606418,2020
2020-01-27,323.5,197.58849005005868,2020
2020-01-28,326.8900146484375,198.84793426145993,2020
2020-01-29,326.6199951171875,198.77517296132086,2020
2020-01-30,327.67999267578125,198.68719104383425,2020
2020-01-31,321.7300109863281,197.89827997843634,2020
2020-02-03,324.1199951171875,201.09692164638471,2020
2020-02-04,329.05999755859375,201.8526847040344,2020
2020-02-05,332.8599853515625,202.0192097885543,2020
2020-02-06,333.9800109863281,201.82832998336283,2020
2020-02-07,332.20001220703125,202.30138101798812,2020
2020-02-10,334.67999267578125,202.05167906437788,2020
2020-02-11,335.260009765625,201.83445124869445,2020
2020-02-12,337.4200134277344,201.91002142246532,2020
2020-02-13,337.05999755859375,201.9222342682031,2020
2020-02-14,337.6000061035156,201.85434773654225,2020
2020-02-18,336.7300109863281,201.881655563411,2020
2020-02-19,338.3399963378906,201.83574226760885,2020
2020-02-20,336.95001220703125,199.9371077828857,2020
2020-02-21,333.4800109863281,198.91678142537043,2020
2020-02-24,322.4200134277344,197.32785814622338,2020
2020-02-25,312.6499938964844,197.32785814622338,2020
2020-02-26,311.5,197.2550968460843,2020
2020-02-27,297.510009765625,197.14256414890068,2020
2020-02-28,296.260009765625,197.14256414890068,2020
2020-03-02,309.0899963378906,197.32785814622338,2020
2020-03-03,300.239990234375,197.32785814622338,2020
2020-03-04,312.8599853515625,201.49355422785933,2020
2020-03-05,302.4599914550781,201.79847877087806,2020
2020-03-06,297.4599914550781,201.49355422785933,2020
2020-03-09,274.2300109863281,197.32785814622338,2020
2020-03-10,288.4200134277344,197.32785814622338,2020
2020-03-11,274.3599853515625,197.2550968460843,2020
2020-03-12,248.11000061035156,197.14256414890068,2020
2020-03-13,269.32000732421875,197.14256414890068,2020
2020-03-16,239.8500061035156,197.32785814622338,2020
2020-03-17,252.8000030517578,197.32785814622338,2020
2020-03-18,240.0,197.2550968460843,2020
2020-03-19,240.5099945068359,197.8066425070419,2020
2020-03-20,228.8000030517578,197.14256414890068,2020
2020-03-23,222.9499969482422,197.32785814622338,2020
2020-03-24,243.1499938964844,197.61378548960604,2020
2020-03-25,246.7899932861328,201.7418935932546,2020
2020-03-26,261.20001220703125,202.04856910647902,2020
2020-03-27,253.4199981689453,202.00284445115727,2020
2020-03-30,261.6499938964844,201.90330458172315,2020
2020-03-31,257.75,201.96213271637077,2020
2020-04-01,246.1499938964844,199.86378349282091,2020
